X,Y,Z,Yaw,Pitch,Roll
0.0,0.05626937699140597,0.91601312294074,0.0,0.0,0.0
